{"cameraMode":{"drawMode":0,"name":"Shaded","section":"Shading Mode"},"sceneLighting":true,"audioPlay":false,"sceneViewState":{"showFog":false,"showMaterialUpdate":false,"showSkybox":false,"showFlares":false,"showImageEffects":false,"showParticleSystems":false},"in2DMode":false,"pivot":{"x":205.9291534423828,"y":46.29640197753906,"z":760.9581298828125},"rotation":{"x":-0.346129447221756,"y":-0.6012701392173767,"z":0.32342684268951418,"w":-0.6434779167175293},"size":446.8557434082031,"orthographic":false}