{"cameraMode":{"drawMode":0,"name":"Shaded","section":"Shading Mode"},"sceneLighting":false,"audioPlay":false,"sceneViewState":{"showFog":false,"showMaterialUpdate":false,"showSkybox":false,"showFlares":false,"showImageEffects":false,"showParticleSystems":false},"in2DMode":false,"pivot":{"x":0.0,"y":3.1763735522036265e-22,"z":-0.000003814697265625},"rotation":{"x":-0.24944549798965455,"y":0.038333456963300708,"z":-0.009882512502372265,"w":-0.9675794243812561},"size":24.256650924682618,"orthographic":false}