{"cameraMode":{"drawMode":0,"name":"Shaded","section":"Shading Mode"},"sceneLighting":true,"audioPlay":false,"sceneViewState":{"showFog":false,"showMaterialUpdate":false,"showSkybox":false,"showFlares":false,"showImageEffects":false,"showParticleSystems":false},"in2DMode":false,"pivot":{"x":185.14096069335938,"y":100.15625,"z":91.90101623535156},"rotation":{"x":0.3238528072834015,"y":-0.033190689980983737,"z":0.011366859078407288,"w":0.9454568028450012},"size":159.07374572753907,"orthographic":false}