{"cameraMode":{"drawMode":0,"name":"Shaded","section":"Shading Mode"},"sceneLighting":false,"audioPlay":false,"sceneViewState":{"showFog":true,"showMaterialUpdate":false,"showSkybox":true,"showFlares":true,"showImageEffects":true,"showParticleSystems":true},"in2DMode":false,"pivot":{"x":-33.762630462646487,"y":10.47632122039795,"z":5.0858259201049809},"rotation":{"x":-0.28077688813209536,"y":0.026802780106663705,"z":-0.007844209671020508,"w":-0.9593666195869446},"size":22.661327362060548,"orthographic":false}