{"cameraMode":{"drawMode":0,"name":"Shaded","section":"Shading Mode"},"sceneLighting":true,"audioPlay":false,"sceneViewState":{"showFog":true,"showMaterialUpdate":false,"showSkybox":true,"showFlares":true,"showImageEffects":true,"showParticleSystems":true},"in2DMode":false,"pivot":{"x":256.8855895996094,"y":243.90296936035157,"z":738.5555419921875},"rotation":{"x":0.0013346310006454588,"y":0.9840813279151917,"z":-0.17755979299545289,"w":0.007399571593850851},"size":22.0,"orthographic":false}