{"cameraMode":{"drawMode":0,"name":"Shaded","section":"Shading Mode"},"sceneLighting":true,"audioPlay":false,"sceneViewState":{"showFog":true,"showMaterialUpdate":true,"showSkybox":true,"showFlares":true,"showImageEffects":true,"showParticleSystems":true},"in2DMode":false,"pivot":{"x":210.64817810058595,"y":-75.25593566894531,"z":349.5909729003906},"rotation":{"x":0.16823813319206239,"y":-0.04467542842030525,"z":0.007632649503648281,"w":0.9847039580345154},"size":233.32830810546876,"orthographic":false}