{"cameraMode":{"drawMode":0,"name":"Shaded","section":"Shading Mode"},"sceneLighting":false,"audioPlay":false,"sceneViewState":{"showFog":true,"showMaterialUpdate":false,"showSkybox":true,"showFlares":true,"showImageEffects":true,"showParticleSystems":true},"in2DMode":false,"pivot":{"x":204.23593139648438,"y":1.4784784317016602,"z":341.9964904785156},"rotation":{"x":0.2614794373512268,"y":0.1123315766453743,"z":-0.03065497986972332,"w":0.9581599235534668},"size":22.64456558227539,"orthographic":false}